,mean,std
pesq_noisy,1.9706772097106118,0.7541457467627443
pesq_enhanced,2.782048021705405,0.7038930322442203
stoi_noisy,0.9210125620780192,0.07095513918768294
stoi_enhanced,0.9385040317145547,0.056559966354024126
dnsmos_ovrl_noisy,2.697285681500691,0.5190541523687376
dnsmos_sig_noisy,3.3456408635492356,0.5221399710746086
dnsmos_bak_noisy,3.1264110345688954,0.7369488809237735
dnsmos_ovrl_enhanced,3.1421730209099454,0.2173717073636789
dnsmos_sig_enhanced,3.460967554432325,0.17783301578716074
dnsmos_bak_enhanced,3.968490393722765,0.18064518072150418
pesq_improvement,0.8113708119947933,0.40096232074667704
stoi_improvement,0.01749146963653537,0.02520806058809166
dnsmos_ovrl_improvement,0.44488733940925435,0.448174778112106
dnsmos_sig_improvement,0.11532669088308903,0.46529965395327083
dnsmos_bak_improvement,0.84207935915387,0.6885590567493677
